"AÃ±o","Trimestre","Total de accesos pospago","Total de accesos prepago","Total de accesos operativos"
"2024","3","8465960","54898234","63364194"
"2024","2","8397205","54421319","62818524"
"2024","1","8398514","54455565","62854079"
"2023","4","8301200","54407950","62709150"
"2023","3","7903181","53281127","61184308"
"2023","2","7310125","53572899","60883024"
"2023","1","7028083","53269840","60297923"
"2022","4","6546406","53157521","59703927"
"2022","3","6250732","53008139","59258871"
"2022","2","6245815","52865377","59111192"
"2022","1","6231309","52937601","59168910"
"2021","4","6186994","52878833","59065827"
"2021","3","6104479","51708030","57812509"
"2021","2","6046091","50829471","56875562"
"2021","1","6041047","50411986","56453033"
"2020","4","5556299","49207602","54763900"
"2020","3","5559724","49060162","54619886"
"2020","2","5659667","49391056","55050723"
"2020","1","5743132","49869048","55612810"
"2019","4","5797378","50133536","55930914"
"2019","3","5974898","50300828","56275726"
"2019","2","5924037","51672054","57596091"
"2019","1","6645995","51960447","58606442"
"2018","4","6488017","52110024","58598041"
"2018","3","6551391","52289745","58841136"
"2018","2","6637444","52828949","59466393"
"2018","1","7101698","53470098","60571796"
"2017","4","7108228","54789151","61897379"
"2017","3","7272585","54958224","62230809"
"2017","2","7415230","55483528","62898758"
"2017","1","7502772","55523350","63026122"
"2016","4","7637635","56082170","63719805"
"2016","3","7520789","56058550","63579339"
"2016","2","7565115","54557406","62122521"
"2016","1","7483126","54003635","61486761"
"2015","4","7594526","54247485","61842011"
"2015","3","7600799","53131712","60732511"
"2015","2","7633527","52241939","59875466"
"2015","1","7747230","52474633","60221863"
"2014","4","8027505","53093330","61120835"
"2014","3","8214424","53102043","61316467"
"2014","2","7953775","53009865","60963640"
"2014","1","8224482","54725089","62949571"
"2013","4","8674516","58894516","67569032"
"2013","3","8002183","59048909","67051092"
"2013","2","7769110","58004822","65773932"
"2013","1","7761349","57147608","64908957"